ModelName,testAccuracy,testF1,testPrecision,testRecall
H1LogRegSim_real,0.9828693790149893,0.9821477956937993,0.9823410767729389,0.9819565220467972
H1LogRegSim_5,1.0,1.0,1.0,1.0
H1SVMSim_real,0.9823935284320724,0.9816482375293548,0.9819393538635934,0.9813616380491768
H1SVMSim_5,1.0,1.0,1.0,1.0
H1KNNSim_real,0.9823935284320724,0.9816482375293548,0.9819393538635934,0.9813616380491768
H1KNNSim_5,1.0,1.0,1.0,1.0
