ModelName,testAccuracy,testF1,testPrecision,testRecall
H1LogRegSim_real,0.9831073043064478,0.982397496872654,0.9825421588642773,0.9822539640456075
H1LogRegSim_5,1.0,1.0,1.0,1.0
H1SVMSim_real,0.9823935284320724,0.9816482375293548,0.9819393538635934,0.9813616380491768
H1SVMSim_5,1.0,1.0,1.0,1.0
H1KNNSim_real,0.9823935284320724,0.9816482375293548,0.9819393538635934,0.9813616380491768
H1KNNSim_5,1.0,1.0,1.0,1.0
